풀무원 함흥비빔냉면 460G,8801114302606'
[농심]농심 신라면 (120G*5입),8801043014830'
팔도 비빔면 130G*5입,8801128503051'
농심 신라면 건면 97G*5,8801043047739'
오뚜기 짜장면 135G*4,8801045525532'
[오뚜기]오뚜기 진라면 매운맛 120G*5입,8801045522265'
[농심]농심 안성탕면125G*5,8801043014786'
[오뚜기]오뚜기 진라면 순한맛 120G*5입,8801045522234'
오뚜기 해물짬뽕 120G*4,8801045525815'
삼양 불닭볶음면 140G*5,8801073140578'
[삼양]삼양라면 120G*5,8801073102545'
[오뚜기]오뚜기 프레스코 스파게티면 (500G),8801045361505'
[농심][정기배송]농심 신라면 120G*5입,0411365430003'
오뚜기 김치라면 120G*4,8801045526034'
삼양 짜짜로니 140G*4,8801073142473'
[농심]농심 멸치칼국수멀티 (98G*5입),8801043004282'
[팔도]팔도 틈새라면 멀티(120g*5입),8801128508865'
[농심][정기배송]농심 안성탕면 125G*5입*2팩,0411365390000'
삼양 까르보불닭볶음면 130G*4입,8801073142190'
[농심][정기배송]농심 얼큰한너구리 120G*5입,0411957850004'
삼양 수타면 120G*4,8801073142770'
[오뚜기]오뚜기 진라면 매운맛 (120g5입)*8봉지(총40봉지),8801045522272'
[농심]농심얼큰한너구리120G*5입*8팩,8801043015028'
삼양라면 매운맛 120G*5,8801073142121'
[농심]농심 무파마탕면 멀티팩 5입,8801043020015'
[삼양][정기배송]삼양라면 120G*5입*2팩,0410179770008'
[팔도]팔도 비빔면(130g*5입)*8(40봉지),8801128503068'
삼양 라이트 불닭볶음면 110G*5,8801073142787'
오뚜기 북엇국라면 110G*4,8801045526010'
[오뚜기][정기배송]오뚜기 진라면 매운맛 120G*5입*4팩,0410269010007'
삼양 바지락술찜면 133G*4,8801073142947'
[오뚜기][정기배송]오뚜기 진라면순한맛 120G*5입*4팩,0410269020006'
농심 고추장찌개면 140G*4,8801043054201'
오뚜기 채황면 110G*4,8801045525860'
[오뚜기]오뚜기 진라면 순한맛 멀티(120g*5입)*8봉지,8801045522241'
[삼양]삼양라면 멀티(120G*5입)*8입(40봉),8801073181908'
삼양 미트 스파게티 불닭볶음면 145G*4,8801073142930'
농심 강황쌀국수볶음면 118G*3,8801043054249'
[오뚜기]오뚜기 열라면 (120G*5입)*8,6355555555555'
"[무료배송] 이가네떡볶이 4팩+입점 기념 김말이 2팩, 치즈 2팩 증정! / 부산 깡통시장의 명물 떡볶이",0412315620000'
[오뚜기] 참깨라면 미니컵 15입(65g x 15개),0412021670009'
[CJ직배송] 비비고 진한교자칼국수 630g×4개 外 4종 택1,0411980440005'
[CJ직배송] 고메 중화짜장 760g (2인분) X 4개,0411980440005'
[오뚜기] 진라면 순한맛 미니컵 15입 (65g x 15개),0412021670009'
동치미물냉면908G(2인분)/냉장X2개 + 함흥비빔냉면474.4G(2인분)X2개,0411980440005'
[오뚜기] 진라면 매운맛 큰컵 12입 (110g x 12개),0412021670009'
[오뚜기] 콕콕콕 스파게티 큰컵 12입(120g x 12개),0412021670009'
이가네떡볶이(550g) x 5팩 세트,0412315620000'
[농협]우리쌀 잔치국수 소면/중면 900g 택1,0412378510003'
[CJ직배송] 물냉면908G+비빔냉면474.4G X 2개,0411980440005'
[오뚜기] 콕콕콕 라면볶이 큰컵 12입(120g x 12개),0412021670009'
[오뚜기] 콕콕콕 짜장볶이 큰컵 12입(120g x 12개),0412021670009'
[오뚜기] 콕콕콕 치즈볶이 큰컵 12입(95g x 12개),0412021670009'
[오뚜기] 튀김우동 큰컵 12입(110g x 12개),0412021670009'
[동원][동원] 면발의신 평창(쟁반) 막국수 465g*3개,2511360000008'
[오뚜기] 진라면 매운맛 미니컵 15입 (65g x 15개),0412021670009'
[오뚜기] 스낵면 미니컵 15입 (62g x 15개),0412021670009'
[오뚜기] 열라면 큰컵 12입 (105g x 12개),0412021670009'
[오뚜기] 오동통면 큰컵 12입 (100g x 12개),0412021670009'
[오뚜기] 뿌셔뿌셔 불고기맛 24입(90g x 24개),0412021670009'
[오뚜기] 뿌셔뿌셔 바베큐맛 24입(90g x 24개),0412021670009'
[오뚜기] 뿌셔뿌셔 양념치킨맛 24입(90g x 24개),0412021670009'
[오뚜기] 뿌셔뿌셔 떡볶이맛 24입(90g x 24개),0412021670009'
[오뚜기] 메밀비빔면 (130g x 4입) x 8개,0412021670009'
[오뚜기]오뚜기 참깨라면 용기(110G),8801045570419'
[농심]농심 육개장사발면 (86G*6입),8801043015684'
팔도 왕뚜껑 용기 110G,8801128503211'
[오뚜기]오뚜기 진라면컵 매운맛 65G*6,8801045570280'
[오뚜기]오뚜기 진라면컵 순한맛 65G*6,8801045570105'
[팔도]팔도 김치왕뚜껑(110g),8801128503235'
[농심]농심 튀김우동 큰사발 (111G),8801043016070'
삼양 까르보불닭볶음면 큰컵 105G,8801073211469'
[농심]농심 짜파게티 큰사발 (123G),8801043016049'
[팔도]팔도 도시락 용기 86G,8801128503174'
[삼양]삼양 큰컵 불닭 볶음면(105G),8801073210363'
[오뚜기]오뚜기 매콤한맛 컵누들(37.8G),8801045571577'
[농심]농심 신라면 큰사발 (114G),8801043015981'
[농심]농심 짜파게티 범벅 (70G),8801043015608'
오뚜기 스낵면컵(60g*6입),8801045572642'
[농심]농심 새우탕 큰사발 (115G),8801043015967'
팔도 더왕뚜껑(컵) 101G,8809695250040'
샘표 잔치국수(컵) 89G,8801005540568'
오뚜기 진짬뽕 용기 115G,8801045574585'
오뚜기 육개장매운맛 (용기)86G*6,8801045571355'
[한국야쿠르트]팔도 짬뽕 왕뚜껑 110G,8801128503488'
농심 쌀국수(컵) 73G,8801043053143'
[농심]농심 김치사발면 (86G*6입),8801043021128'
[농심]농심 육개장 큰사발 (110G),8801043016025'
[삼양]삼양 컵라면 (65G*6입),8801073102750'
[오뚜기]오뚜기 열라면컵 (6입),8801045570686'
오뚜기 진라면 순한맛 큰컵6입 110G*6,8801045575339'
삼양 신림동백순대 볶음면 큰컵 110G,8801073212336'
농심 앵그리알티에이(RtA)큰사발 114G,8801043055208'
삼양 미트스파게티 불닭볶음면 큰컵 110G,8801073212275'
오뚜기 진라면 매운맛 큰컵6입 110G*6,8801045575315'
[오뚜기][정기배송]오뚜기 진라면컵 매운맛 65G*6입*2박스,0410269100005'
"농심 마라고수마라탕면(컵) 97G
★유통기한 3월23일까지★",8801043053679'
오뚜기 진짬뽕 미니컵 (70G*6입),8801045574561'
[농심][정기배송]농심 김치사발면 86G*6입*2박스,0411665440009'
팔도왕뚜껑용기 110G(18입/박스),8801128503228'
[팔도]팔도 김치왕뚜껑 110G(18입/박스),0410352260005'
[농심]농심 새우탕 큰사발 115G*16입,8801043015974'
[농심]농심 튀김우동 큰사발 111G*16입,8801043016087'
[한국야쿠르트]팔도 짬뽕왕뚜껑110G(18입/박스),8740111111111'
[농심]농심육개장큰사발110G*16입,8801043016032'
[CJ직배송] 비비고 진한교자칼국수 630g×4개 外 4종 택1,0411980440005'
[CJ직배송] 고메 중화짜장 760g (2인분) X 4개,0411980440005'
[오뚜기] 오뚜기 진짬뽕 컵라면 (75g x 6입) x 2세트 / 총 12개,0412021670009'
[농협]우리쌀 잔치국수 소면/중면 900gx6봉 택1,0412378510003'
[오뚜기] 오뚜기 진짬뽕 컵라면 (115g x 12입),0412021670009'
[오뚜기]오뚜기 진짬뽕 컵라면 (75g*6입) X 2세트 / 총 12개,0412021670009'
[농협]우리쌀 잔치국수 소면/중면 900g 택1,0412378510003'
[CJ직배송] 물냉면908G+비빔냉면474.4G X 2개,0411980440005'
[오뚜기] 오뚜기 진짜장 32입 (135g x 32개),0412021670009'
[다신샵] 노밀가루면 저칼로리 곤약이면 메밀냉면 4개 / 무료배송,0412300250007'
[다신삽] 노밀가루면 저칼로리 곤약이면 해물볶음 4개 / 무료배송,0412300250007'
농심 튀김우동컵62Gx30,0412034880006'
[오뚜기] 육개장 매운맛 6입(86g x 6개/용기),0412021670009'
[오뚜기] 육개장 매운맛 24입(86g x 24개/용기),0412021670009'
[오뚜기] 오뚜기 진짬뽕 32입 (130g x 32개),0412021670009'
[오뚜기] 오뚜기 볶음진짬뽕 컵라면(110g x 12입),0412021670009'
[오뚜기] 생면사리 200g × 50개입,0412021670009'
[다신샵] 노밀가루면 저칼로리 곤약이면 보리우동 4개 / 무료배송,0412300250007'
[다신샵] 노밀가루면 저칼로리 곤약이면 귀리짜장 4개 / 무료배송,0412300250007'
[다신샵] 노밀가루면 저칼로리 곤약이면 녹차비빔 4개 / 무료배송,0412300250007'
청정원 볶음쌀국수 팟타이 82gx12개,0412034880006'
청정원 베트남쌀국수 맵고진한쇠고기맛 75.4gx12개,0412034880006'
청정원 베트남쌀국수 소고기맛 75.4gx12개,0412034880006'
[농심]농심 안성탕면 125G*5입*8팩(40봉지),8801043014793'
[오뚜기]오뚜기 진라면 매운맛 (120g5입)*8봉지(총40봉지),8801045522272'
[농심]농심얼큰한너구리120G*5입*8팩,8801043015028'
[오뚜기]오뚜기 진라면 순한맛 멀티(120g*5입)*8봉지,8801045522241'
[CJ직배송] 고메 중화짜장 760g (2인분) X 4개,0411980440005'
오뚜기 진라면 순한맛 120g *20개,2617600000002'
[농협]우리쌀 잔치국수 소면/중면 900g 택1,0412378510003'
오뚜기 진라면 매운맛 120g *20개,2617600000002'
[CJ]CJ 이탈리따 스파게티320G,8801007215761'
[농심]농심 얼큰한너구리 120G*5,8801043015011'
[농심]농심 순한 너구리 120G*5,8801043014960'
[폰타나]이탈리아 캄파니아 스파게티 500G,8801005960045'
샘표 폰타나 캄파니아스파게티면 250G,8801005960625'
[농심][정기배송]농심 얼큰한너구리 120G*5입,0411957850004'
롯데 까르보나라 스파게티 (220g),8801118879425'
도나베라 삼색 푸실리 450G,8005709881327'
[오뚜기]오뚜기 마카로니 (500g),8801045360508'
[쿠킹박스-택배] 우삼겹 순두부 찌개 605g (2인분/10분조리),0412198500000'
[농협]우리쌀 잔치국수 소면/중면 900gx6봉 택1,0412378510003'
[다신샵] 곤약상회 곤약 현미 떡볶이 4개 / 무료배송,0412300250007'
이가네떡볶이(550g) x 5팩 세트,0412315620000'
[쉐프스토리] 수타식 직화 짜장면 330g 3팩,0412287390000'
[쉐프스토리] 뽀모도로 2팩+갈릭크림 봉골레 2팩+까르보나라 2팩,0412287390000'
[쉐프스토리] 콰트로치즈 까르보나라 스파게티 3팩,0412287390000'
[쉐프스토리] 갈릭크림 봉골레 스파게티 3팩,0412287390000'
[농협]우리쌀 잔치국수 소면/중면 900g 택1,0412378510003'
[쉐프스토리] 수타식 볶음짬뽕면 2팩+수타식 짜장면 2팩,0412287390000'
[쉐프스토리] 수타식 직화 짜장면 330g 6팩,0412287390000'
[쉐프스토리] 수타식 볶음 짬뽕면 330g 6팩,0412287390000'
[쉐프스토리] 수타식 볶음 짬뽕면 330g 3팩,0412287390000'
[쉐프스토리] 뽀모도로 3팩+콰트로치즈 까르보나라 3팩,0412287390000'
[쉐프스토리] 뽀모도로+갈릭크림 봉골레+까르보나라(각1팩/총3팩),0412287390000'
[쉐프스토리] 콰트로치즈 까르보나라 스파게티 6팩,0412287390000'
[쉐프스토리] 갈릭크림 봉골레 스파게티 6팩,0412287390000'
[쉐프스토리] 뽀모도로 스파게티 6팩,0412287390000'
[쉐프스토리] 뽀모도로 스파게티 3팩,0412287390000'
[CJ직배송]백설크림토마토 파스타소스 455gX3개+면320g,0411980440005'
[CJ직배송]백설아라비아따토마토파스타소스455gx3개+면320g,0411980440005'
[CJ직배송]백설갈릭크림파스타소스350gX3개+면320g,0411980440005'
풀무원 함흥비빔냉면 460G,8801114302606'
[오뚜기]오뚜기 옛날국수(소면/900G),8801045491400'
[오뚜기]오뚜기 옛날국수 (소면/1.5KG),8801045491509'
샘표 잔치국수 101G,8801005540513'
[오뚜기]오뚜기 옛날국수 (중면/900G),8801045492407'
델리썬 플레인 플라워랩 320G,8437011503275'
초L 소면기획 1.5KG+500G,8801277080823'
샘표 쌀소면_800G,8801005517515'
초이스L 중면 900g,8801277080915'
초L 소면 500G,8801277150816'
백설 제일제면소 소면 900G,8801007205557'
샘표 얼큰칼국수 101G,8801005540742'
백설 제일제면소 칼국수면 (900G),8801007213422'
초이스L 국수 소면 (900G),8801277080922'
백설 제일제면소 소면 500G,8801007217420'
[백설]백설 제일제면소 중면 (900G),8801007218618'
샘표 비빔장360G+소면500G 기획,8801005932516'
초이스L 금실면 (500G),8801277080809'
종가집 베트남쌀국수소고기맛 75.4g,0412034880006'
"[무료배송] 이가네떡볶이 4팩+입점 기념 김말이 2팩, 치즈 2팩 증정! / 부산 깡통시장의 명물 떡볶이",0412315620000'
종가집 멸치쌀국수 92g,0412034880006'
[무료배송] 국내생산 포두부/건두부 1kg+250g추가증정 /총1.25kg,2755150000001'
[농협]우리쌀 잔치국수 소면/중면 900gx6봉 택1,0412378510003'
[무료배송] 국내생산 포두부/건두부 250g*2팩,2755150000001'
바로먹는 구포국수 14개 세트 (잔치국수 8개 + 비빔국수 6개),0412249780009'
[농협]우리쌀 잔치국수 소면/중면 900g 택1,0412378510003'
[CJ직배송] 쉐프솔루션 면비빔용소스890g X2개+제일제면소소면 900g X2개,0411980430006'
[CJ직배송] 쉐프솔루션 면비빔용소스890g,0411980430006'
[CJ직배송] 즐거운동행 PHO 쌀국수면 240g,0411980430006'
[CJ직배송] 미정당 생칼국수 1kg X 3개,0411980430006'
종가집 볶음쌀국수팟타이 82g,0412034880006'
종가집 베트남쌀국수맵고진한소고기맛 75.4g,0412034880006'
종가집 해물맛쌀국수 92g,0412034880006'
종가집 얼큰쌀국수 92g,0412034880006'
[CJ직배송] 쉐프솔루션 면비빔용소스890G+제일제면소소면 900g X2개,0411980440005'
[CJ직배송] 쉐프솔루션 면비빔용소스890G+제일제면소소면 900g,0411980430006'
[CJ직배송] 쉐프솔루션 면비빔용소스890g X3개,0411980430006'
[CJ직배송] 쉐프솔루션 면비빔용소스890g X2개,0411980430006'
[CJ직배송] 백설 제일제면소 소면 900g x 2개 + 해찬들 사과듬뿍 비빔장 470g x2개,0411980440005'
오뚜기 옛날 자른당면 500G,8801045375038'
[예스]몬라이스페이퍼 월남쌈 원형 200G,8850578840308'
[오뚜기]오뚜기 옛날당면 500G,8801045480206'
초L 자른당면 300G,8809061678966'
[오뚜기]오뚜기 옛날국수 (중면/900G),8801045492407'
초L 자른당면 100G,8809061678973'
백설 제일제면소 고구마전분100%당면 300G,8801007556079'
소스가 들어있는 월남쌈 200G,8938505846170'
오뚜기 옛날 자른당면_300G,8801045375021'
[오뚜기]오뚜기 옛날당면 (1KG),8801045480404'
[농협]아름찬 제대로 만든 국산 자른당면 300g,0412378510003'
[무료배송] 국내생산 포두부/건두부 1kg+250g추가증정 /총1.25kg,2755150000001'
[쿠킹박스-택배] 소고기 버섯잡채 275g (2인분/15분조리),0412198500000'
[CJ직배송] 즐거운동행 미정당 생칼국수 400g,0411980430006'
[면사랑] 함흥 냉면 10인분(동치미육수 5봉+비빔장 5봉),0412021670009'
[CJ직배송]함흥비빔냉면 2인분 X4개,0411980440005'
[농협]우리쌀 잔치국수 소면/중면 900gx6봉 택1,0412378510003'
동치미물냉면908G(2인분)/냉장X2개 + 함흥비빔냉면474.4G(2인분)X2개,0411980440005'
[CJ프레시웨이] 이츠웰 평양냉면 10인분 / 면 10팩 비빔장 10팩,0412021670009'
이가네떡볶이(550g) x 5팩 세트,0412315620000'
[무료배송] 국내생산 포두부/건두부 250g*2팩,2755150000001'
[농협]우리쌀 잔치국수 소면/중면 900g 택1,0412378510003'
[홍진경]잡채 5팩,2570470000001'
[CJ직배송] 물냉면908G+비빔냉면474.4G X 2개,0411980440005'
[CJ프레시웨이] 이츠웰 평양냉면 10인분 / 면 10팩 육수 5팩 비빔장 5팩,0412021670009'
[동원][동원] 면발의신 원조 생쫄면 385g*3개,2511360000008'
[CJ직배송] 쉐프솔루션 면비빔용소스890g X2개+제일제면소소면 900g X2개,0411980430006'
[CJ직배송] 쉐프솔루션 면비빔용소스890g,0411980430006'
[면사랑] 동치미 함흥 물냉면 20인분(동치미육수 20봉),0412021670009'
[면사랑] 동치미 함흥 물냉면 10인분(동치미육수 10봉),0412021670009'
[CJ직배송]백설 제일제면소 메밀소바 400g X4개,0411980440005'
[다신샵] 노밀가루면 저칼로리 곤약이면 메밀냉면 4개 / 무료배송,0412300250007'
[다신삽] 노밀가루면 저칼로리 곤약이면 해물볶음 4개 / 무료배송,0412300250007'
[농협]아름찬 제대로 만든 국산 전통당면 400g,0412378510003'
[홍진경 더전] 해물파전 2봉/무료배송,2570470000001'
유가네선물세트2(닭불고기 4팩+치즈2팩+쫄면2팩),0412354190007'
유가네선물세트1(닭갈비 4팩+치즈2팩+쫄면2팩),0412354190007'
유가네 쫄면사리 180g,0412354190007'
"★[면사랑] 시원한 냉면 모음전! 10인분(비빔+물,물냉면만)",0412021670009'
[CJ프레시웨이] 훈제연어 2팩 + CJ비빔냉면5인분 세트,0412021670009'
[CJ프레시웨이] 이츠웰 평양냉면 10인분 / 면 10팩 육수 10팩,0412021670009'
[CJ프레시웨이]평양냉면 12인분 / 면 12팩 육수 12팩,0412021670009'
[CJ프레시웨이]평양냉면 15인분 / 면 15팩 육수 10팩 비빔장 5팩,0412021670009'
[CJ프레시웨이]평양냉면 20인분 / 면 20팩 육수 10팩 비빔장 10팩,0412021670009'
[전철우고향랭면] 평양 냉면 10인분 / 면 10팩+동치미육수 5봉+비빔장 5봉,0412021670009'
[다신샵] 노밀가루면 저칼로리 곤약이면 보리우동 4개 / 무료배송,0412300250007'
[다신샵] 노밀가루면 저칼로리 곤약이면 귀리짜장 4개 / 무료배송,0412300250007'
[다신샵] 노밀가루면 저칼로리 곤약이면 녹차비빔 4개 / 무료배송,0412300250007'
[CJ직배송] 즐거운동행 미정당 쫄면사리 800g,0411980430006'
[면사랑] 함흥 냉면 30인분(동치미육수 20봉+비빔장 10봉),0412021670009'
[CJ직배송] 쉐프솔루션 면비빔용소스890G+제일제면소소면 900g X2개,0411980440005'
[CJ직배송] 쉐프솔루션 면비빔용소스890G+제일제면소소면 900g,0411980430006'
[CJ직배송] 쉐프솔루션 면비빔용소스890g X3개,0411980430006'
[CJ직배송] 쉐프솔루션 면비빔용소스890g X2개,0411980430006'
[면사랑] 함흥 냉면 20인분(동치미육수 10봉+비빔장 10봉),0412021670009'
[CJ직배송]동치미물냉면 2인분 X4개,0411980440005'
[CJ직배송]밀당의고수 쫄면 4인 X3개,0411980430006'
[CJ프레시웨이] 이츠웰 평양냉면 10인분 / 면 10팩 + 육수 5팩 + 비빔장 5팩,0412021670009'
